<?xml version="1.0" encoding="utf-8"?>
<extension version="3.7" type="plugin" group="system">
    <name>Meta description color indicator</name>
    <author>Pritam Kumar</author>
    <creationDate>10-April-2022</creationDate>
    <copyright>Copyright (C) 2022 Holder. All rights reserved.</copyright>
    <license>GNU General Public License</license>
    <authorEmail>pritamkumar12052001@gmail.com</authorEmail>
    <authorUrl>url</authorUrl>
    <version>1.0.1</version>
    <description>color indicator for Meta description</description>
    <files>
        <filename plugin="color_indicator">color_indicator.php</filename>
        <filename plugin="color_indicator">index.html</filename>

    </files>
    <config>
        <fields name="params">
           
        </fields>
    </config>
</extension>